path,type,size,parent_directory
C:\Users\пк\Desktop\Погружение в Python (advanced)\HW_7\directory_info.csv,file,27610,C:\Users\пк\Desktop\Погружение в Python (advanced)\HW_7
C:\Users\пк\Desktop\Погружение в Python (advanced)\HW_7\directory_info.json,file,62390,C:\Users\пк\Desktop\Погружение в Python (advanced)\HW_7
C:\Users\пк\Desktop\Погружение в Python (advanced)\HW_7\directory_info.pickle,file,36183,C:\Users\пк\Desktop\Погружение в Python (advanced)\HW_7
C:\Users\пк\Desktop\Погружение в Python (advanced)\HW_7\main.py,file,307,C:\Users\пк\Desktop\Погружение в Python (advanced)\HW_7
C:\Users\пк\Desktop\Погружение в Python (advanced)\HW_7\.git,directory,130497,C:\Users\пк\Desktop\Погружение в Python (advanced)\HW_7
C:\Users\пк\Desktop\Погружение в Python (advanced)\HW_7\files,directory,5537,C:\Users\пк\Desktop\Погружение в Python (advanced)\HW_7
C:\Users\пк\Desktop\Погружение в Python (advanced)\HW_7\tasks,directory,9422,C:\Users\пк\Desktop\Погружение в Python (advanced)\HW_7
C:\Users\пк\Desktop\Погружение в Python (advanced)\HW_7\.git\COMMIT_EDITMSG,file,6,C:\Users\пк\Desktop\Погружение в Python (advanced)\HW_7\.git
C:\Users\пк\Desktop\Погружение в Python (advanced)\HW_7\.git\config,file,130,C:\Users\пк\Desktop\Погружение в Python (advanced)\HW_7\.git
C:\Users\пк\Desktop\Погружение в Python (advanced)\HW_7\.git\description,file,73,C:\Users\пк\Desktop\Погружение в Python (advanced)\HW_7\.git
C:\Users\пк\Desktop\Погружение в Python (advanced)\HW_7\.git\directory_info.csv,file,11284,C:\Users\пк\Desktop\Погружение в Python (advanced)\HW_7\.git
C:\Users\пк\Desktop\Погружение в Python (advanced)\HW_7\.git\directory_info.json,file,25534,C:\Users\пк\Desktop\Погружение в Python (advanced)\HW_7\.git
C:\Users\пк\Desktop\Погружение в Python (advanced)\HW_7\.git\directory_info.pickle,file,14857,C:\Users\пк\Desktop\Погружение в Python (advanced)\HW_7\.git
C:\Users\пк\Desktop\Погружение в Python (advanced)\HW_7\.git\HEAD,file,23,C:\Users\пк\Desktop\Погружение в Python (advanced)\HW_7\.git
C:\Users\пк\Desktop\Погружение в Python (advanced)\HW_7\.git\index,file,1242,C:\Users\пк\Desktop\Погружение в Python (advanced)\HW_7\.git
C:\Users\пк\Desktop\Погружение в Python (advanced)\HW_7\.git\hooks,directory,25774,C:\Users\пк\Desktop\Погружение в Python (advanced)\HW_7\.git
C:\Users\пк\Desktop\Погружение в Python (advanced)\HW_7\.git\info,directory,876,C:\Users\пк\Desktop\Погружение в Python (advanced)\HW_7\.git
C:\Users\пк\Desktop\Погружение в Python (advanced)\HW_7\.git\logs,directory,6512,C:\Users\пк\Desktop\Погружение в Python (advanced)\HW_7\.git
C:\Users\пк\Desktop\Погружение в Python (advanced)\HW_7\.git\objects,directory,40500,C:\Users\пк\Desktop\Погружение в Python (advanced)\HW_7\.git
C:\Users\пк\Desktop\Погружение в Python (advanced)\HW_7\.git\refs,directory,3686,C:\Users\пк\Desktop\Погружение в Python (advanced)\HW_7\.git
C:\Users\пк\Desktop\Погружение в Python (advanced)\HW_7\.git\hooks\applypatch-msg.sample,file,478,C:\Users\пк\Desktop\Погружение в Python (advanced)\HW_7\.git\hooks
C:\Users\пк\Desktop\Погружение в Python (advanced)\HW_7\.git\hooks\commit-msg.sample,file,896,C:\Users\пк\Desktop\Погружение в Python (advanced)\HW_7\.git\hooks
C:\Users\пк\Desktop\Погружение в Python (advanced)\HW_7\.git\hooks\directory_info.csv,file,510,C:\Users\пк\Desktop\Погружение в Python (advanced)\HW_7\.git\hooks
C:\Users\пк\Desktop\Погружение в Python (advanced)\HW_7\.git\hooks\directory_info.json,file,1073,C:\Users\пк\Desktop\Погружение в Python (advanced)\HW_7\.git\hooks
C:\Users\пк\Desktop\Погружение в Python (advanced)\HW_7\.git\hooks\directory_info.pickle,file,678,C:\Users\пк\Desktop\Погружение в Python (advanced)\HW_7\.git\hooks
C:\Users\пк\Desktop\Погружение в Python (advanced)\HW_7\.git\hooks\fsmonitor-watchman.sample,file,4726,C:\Users\пк\Desktop\Погружение в Python (advanced)\HW_7\.git\hooks
C:\Users\пк\Desktop\Погружение в Python (advanced)\HW_7\.git\hooks\post-update.sample,file,189,C:\Users\пк\Desktop\Погружение в Python (advanced)\HW_7\.git\hooks
C:\Users\пк\Desktop\Погружение в Python (advanced)\HW_7\.git\hooks\pre-applypatch.sample,file,424,C:\Users\пк\Desktop\Погружение в Python (advanced)\HW_7\.git\hooks
C:\Users\пк\Desktop\Погружение в Python (advanced)\HW_7\.git\hooks\pre-commit.sample,file,1643,C:\Users\пк\Desktop\Погружение в Python (advanced)\HW_7\.git\hooks
C:\Users\пк\Desktop\Погружение в Python (advanced)\HW_7\.git\hooks\pre-merge-commit.sample,file,416,C:\Users\пк\Desktop\Погружение в Python (advanced)\HW_7\.git\hooks
C:\Users\пк\Desktop\Погружение в Python (advanced)\HW_7\.git\hooks\pre-push.sample,file,1374,C:\Users\пк\Desktop\Погружение в Python (advanced)\HW_7\.git\hooks
C:\Users\пк\Desktop\Погружение в Python (advanced)\HW_7\.git\hooks\pre-rebase.sample,file,4898,C:\Users\пк\Desktop\Погружение в Python (advanced)\HW_7\.git\hooks
C:\Users\пк\Desktop\Погружение в Python (advanced)\HW_7\.git\hooks\pre-receive.sample,file,544,C:\Users\пк\Desktop\Погружение в Python (advanced)\HW_7\.git\hooks
C:\Users\пк\Desktop\Погружение в Python (advanced)\HW_7\.git\hooks\prepare-commit-msg.sample,file,1492,C:\Users\пк\Desktop\Погружение в Python (advanced)\HW_7\.git\hooks
C:\Users\пк\Desktop\Погружение в Python (advanced)\HW_7\.git\hooks\push-to-checkout.sample,file,2783,C:\Users\пк\Desktop\Погружение в Python (advanced)\HW_7\.git\hooks
C:\Users\пк\Desktop\Погружение в Python (advanced)\HW_7\.git\hooks\update.sample,file,3650,C:\Users\пк\Desktop\Погружение в Python (advanced)\HW_7\.git\hooks
C:\Users\пк\Desktop\Погружение в Python (advanced)\HW_7\.git\info\directory_info.csv,file,124,C:\Users\пк\Desktop\Погружение в Python (advanced)\HW_7\.git\info
C:\Users\пк\Desktop\Погружение в Python (advanced)\HW_7\.git\info\directory_info.json,file,300,C:\Users\пк\Desktop\Погружение в Python (advanced)\HW_7\.git\info
C:\Users\пк\Desktop\Погружение в Python (advanced)\HW_7\.git\info\directory_info.pickle,file,212,C:\Users\пк\Desktop\Погружение в Python (advanced)\HW_7\.git\info
C:\Users\пк\Desktop\Погружение в Python (advanced)\HW_7\.git\info\exclude,file,240,C:\Users\пк\Desktop\Погружение в Python (advanced)\HW_7\.git\info
C:\Users\пк\Desktop\Погружение в Python (advanced)\HW_7\.git\logs\directory_info.csv,file,737,C:\Users\пк\Desktop\Погружение в Python (advanced)\HW_7\.git\logs
C:\Users\пк\Desktop\Погружение в Python (advanced)\HW_7\.git\logs\directory_info.json,file,1819,C:\Users\пк\Desktop\Погружение в Python (advanced)\HW_7\.git\logs
C:\Users\пк\Desktop\Погружение в Python (advanced)\HW_7\.git\logs\directory_info.pickle,file,1059,C:\Users\пк\Desktop\Погружение в Python (advanced)\HW_7\.git\logs
C:\Users\пк\Desktop\Погружение в Python (advanced)\HW_7\.git\logs\HEAD,file,328,C:\Users\пк\Desktop\Погружение в Python (advanced)\HW_7\.git\logs
C:\Users\пк\Desktop\Погружение в Python (advanced)\HW_7\.git\logs\refs,directory,2569,C:\Users\пк\Desktop\Погружение в Python (advanced)\HW_7\.git\logs
C:\Users\пк\Desktop\Погружение в Python (advanced)\HW_7\.git\logs\refs\directory_info.csv,file,323,C:\Users\пк\Desktop\Погружение в Python (advanced)\HW_7\.git\logs\refs
C:\Users\пк\Desktop\Погружение в Python (advanced)\HW_7\.git\logs\refs\directory_info.json,file,791,C:\Users\пк\Desktop\Погружение в Python (advanced)\HW_7\.git\logs\refs
C:\Users\пк\Desktop\Погружение в Python (advanced)\HW_7\.git\logs\refs\directory_info.pickle,file,488,C:\Users\пк\Desktop\Погружение в Python (advanced)\HW_7\.git\logs\refs
C:\Users\пк\Desktop\Погружение в Python (advanced)\HW_7\.git\logs\refs\heads,directory,967,C:\Users\пк\Desktop\Погружение в Python (advanced)\HW_7\.git\logs\refs
C:\Users\пк\Desktop\Погружение в Python (advanced)\HW_7\.git\logs\refs\heads\directory_info.csv,file,124,C:\Users\пк\Desktop\Погружение в Python (advanced)\HW_7\.git\logs\refs\heads
C:\Users\пк\Desktop\Погружение в Python (advanced)\HW_7\.git\logs\refs\heads\directory_info.json,file,301,C:\Users\пк\Desktop\Погружение в Python (advanced)\HW_7\.git\logs\refs\heads
C:\Users\пк\Desktop\Погружение в Python (advanced)\HW_7\.git\logs\refs\heads\directory_info.pickle,file,214,C:\Users\пк\Desktop\Погружение в Python (advanced)\HW_7\.git\logs\refs\heads
C:\Users\пк\Desktop\Погружение в Python (advanced)\HW_7\.git\logs\refs\heads\master,file,328,C:\Users\пк\Desktop\Погружение в Python (advanced)\HW_7\.git\logs\refs\heads
C:\Users\пк\Desktop\Погружение в Python (advanced)\HW_7\.git\objects\directory_info.csv,file,5050,C:\Users\пк\Desktop\Погружение в Python (advanced)\HW_7\.git\objects
C:\Users\пк\Desktop\Погружение в Python (advanced)\HW_7\.git\objects\directory_info.json,file,10903,C:\Users\пк\Desktop\Погружение в Python (advanced)\HW_7\.git\objects
C:\Users\пк\Desktop\Погружение в Python (advanced)\HW_7\.git\objects\directory_info.pickle,file,6502,C:\Users\пк\Desktop\Погружение в Python (advanced)\HW_7\.git\objects
C:\Users\пк\Desktop\Погружение в Python (advanced)\HW_7\.git\objects\00,directory,859,C:\Users\пк\Desktop\Погружение в Python (advanced)\HW_7\.git\objects
C:\Users\пк\Desktop\Погружение в Python (advanced)\HW_7\.git\objects\1a,directory,1203,C:\Users\пк\Desktop\Погружение в Python (advanced)\HW_7\.git\objects
C:\Users\пк\Desktop\Погружение в Python (advanced)\HW_7\.git\objects\20,directory,850,C:\Users\пк\Desktop\Погружение в Python (advanced)\HW_7\.git\objects
C:\Users\пк\Desktop\Погружение в Python (advanced)\HW_7\.git\objects\31,directory,841,C:\Users\пк\Desktop\Погружение в Python (advanced)\HW_7\.git\objects
C:\Users\пк\Desktop\Погружение в Python (advanced)\HW_7\.git\objects\3f,directory,1854,C:\Users\пк\Desktop\Погружение в Python (advanced)\HW_7\.git\objects
C:\Users\пк\Desktop\Погружение в Python (advanced)\HW_7\.git\objects\55,directory,1854,C:\Users\пк\Desktop\Погружение в Python (advanced)\HW_7\.git\objects
C:\Users\пк\Desktop\Погружение в Python (advanced)\HW_7\.git\objects\59,directory,1825,C:\Users\пк\Desktop\Погружение в Python (advanced)\HW_7\.git\objects
C:\Users\пк\Desktop\Погружение в Python (advanced)\HW_7\.git\objects\6b,directory,840,C:\Users\пк\Desktop\Погружение в Python (advanced)\HW_7\.git\objects
C:\Users\пк\Desktop\Погружение в Python (advanced)\HW_7\.git\objects\82,directory,864,C:\Users\пк\Desktop\Погружение в Python (advanced)\HW_7\.git\objects
C:\Users\пк\Desktop\Погружение в Python (advanced)\HW_7\.git\objects\9e,directory,821,C:\Users\пк\Desktop\Погружение в Python (advanced)\HW_7\.git\objects
C:\Users\пк\Desktop\Погружение в Python (advanced)\HW_7\.git\objects\b1,directory,806,C:\Users\пк\Desktop\Погружение в Python (advanced)\HW_7\.git\objects
C:\Users\пк\Desktop\Погружение в Python (advanced)\HW_7\.git\objects\e6,directory,741,C:\Users\пк\Desktop\Погружение в Python (advanced)\HW_7\.git\objects
C:\Users\пк\Desktop\Погружение в Python (advanced)\HW_7\.git\objects\f0,directory,849,C:\Users\пк\Desktop\Погружение в Python (advanced)\HW_7\.git\objects
C:\Users\пк\Desktop\Погружение в Python (advanced)\HW_7\.git\objects\f3,directory,877,C:\Users\пк\Desktop\Погружение в Python (advanced)\HW_7\.git\objects
C:\Users\пк\Desktop\Погружение в Python (advanced)\HW_7\.git\objects\f5,directory,958,C:\Users\пк\Desktop\Погружение в Python (advanced)\HW_7\.git\objects
C:\Users\пк\Desktop\Погружение в Python (advanced)\HW_7\.git\objects\fd,directory,911,C:\Users\пк\Desktop\Погружение в Python (advanced)\HW_7\.git\objects
C:\Users\пк\Desktop\Погружение в Python (advanced)\HW_7\.git\objects\info,directory,546,C:\Users\пк\Desktop\Погружение в Python (advanced)\HW_7\.git\objects
C:\Users\пк\Desktop\Погружение в Python (advanced)\HW_7\.git\objects\pack,directory,546,C:\Users\пк\Desktop\Погружение в Python (advanced)\HW_7\.git\objects
C:\Users\пк\Desktop\Погружение в Python (advanced)\HW_7\.git\objects\00\af97be3db895bf8076e61041faed1a9378d540,file,131,C:\Users\пк\Desktop\Погружение в Python (advanced)\HW_7\.git\objects\00
C:\Users\пк\Desktop\Погружение в Python (advanced)\HW_7\.git\objects\00\directory_info.csv,file,156,C:\Users\пк\Desktop\Погружение в Python (advanced)\HW_7\.git\objects\00
C:\Users\пк\Desktop\Погружение в Python (advanced)\HW_7\.git\objects\00\directory_info.json,file,330,C:\Users\пк\Desktop\Погружение в Python (advanced)\HW_7\.git\objects\00
C:\Users\пк\Desktop\Погружение в Python (advanced)\HW_7\.git\objects\00\directory_info.pickle,file,242,C:\Users\пк\Desktop\Погружение в Python (advanced)\HW_7\.git\objects\00
C:\Users\пк\Desktop\Погружение в Python (advanced)\HW_7\.git\objects\1a\directory_info.csv,file,156,C:\Users\пк\Desktop\Погружение в Python (advanced)\HW_7\.git\objects\1a
C:\Users\пк\Desktop\Погружение в Python (advanced)\HW_7\.git\objects\1a\directory_info.json,file,331,C:\Users\пк\Desktop\Погружение в Python (advanced)\HW_7\.git\objects\1a
C:\Users\пк\Desktop\Погружение в Python (advanced)\HW_7\.git\objects\1a\directory_info.pickle,file,243,C:\Users\пк\Desktop\Погружение в Python (advanced)\HW_7\.git\objects\1a
C:\Users\пк\Desktop\Погружение в Python (advanced)\HW_7\.git\objects\1a\e132de0817d36e0aa417facf30775755c620a8,file,473,C:\Users\пк\Desktop\Погружение в Python (advanced)\HW_7\.git\objects\1a
C:\Users\пк\Desktop\Погружение в Python (advanced)\HW_7\.git\objects\20\001593d587421048d914d9e9a6d74dfa704734,file,122,C:\Users\пк\Desktop\Погружение в Python (advanced)\HW_7\.git\objects\20
C:\Users\пк\Desktop\Погружение в Python (advanced)\HW_7\.git\objects\20\directory_info.csv,file,156,C:\Users\пк\Desktop\Погружение в Python (advanced)\HW_7\.git\objects\20
C:\Users\пк\Desktop\Погружение в Python (advanced)\HW_7\.git\objects\20\directory_info.json,file,330,C:\Users\пк\Desktop\Погружение в Python (advanced)\HW_7\.git\objects\20
C:\Users\пк\Desktop\Погружение в Python (advanced)\HW_7\.git\objects\20\directory_info.pickle,file,242,C:\Users\пк\Desktop\Погружение в Python (advanced)\HW_7\.git\objects\20
C:\Users\пк\Desktop\Погружение в Python (advanced)\HW_7\.git\objects\31\6afe9753bb3bebdc99645970a6513a46140922,file,113,C:\Users\пк\Desktop\Погружение в Python (advanced)\HW_7\.git\objects\31
C:\Users\пк\Desktop\Погружение в Python (advanced)\HW_7\.git\objects\31\directory_info.csv,file,156,C:\Users\пк\Desktop\Погружение в Python (advanced)\HW_7\.git\objects\31
C:\Users\пк\Desktop\Погружение в Python (advanced)\HW_7\.git\objects\31\directory_info.json,file,330,C:\Users\пк\Desktop\Погружение в Python (advanced)\HW_7\.git\objects\31
C:\Users\пк\Desktop\Погружение в Python (advanced)\HW_7\.git\objects\31\directory_info.pickle,file,242,C:\Users\пк\Desktop\Погружение в Python (advanced)\HW_7\.git\objects\31
C:\Users\пк\Desktop\Погружение в Python (advanced)\HW_7\.git\objects\3f\7ca5d77fe1c5a417e10c4a130a71fa57602d6a,file,1122,C:\Users\пк\Desktop\Погружение в Python (advanced)\HW_7\.git\objects\3f
C:\Users\пк\Desktop\Погружение в Python (advanced)\HW_7\.git\objects\3f\directory_info.csv,file,157,C:\Users\пк\Desktop\Погружение в Python (advanced)\HW_7\.git\objects\3f
C:\Users\пк\Desktop\Погружение в Python (advanced)\HW_7\.git\objects\3f\directory_info.json,file,332,C:\Users\пк\Desktop\Погружение в Python (advanced)\HW_7\.git\objects\3f
C:\Users\пк\Desktop\Погружение в Python (advanced)\HW_7\.git\objects\3f\directory_info.pickle,file,243,C:\Users\пк\Desktop\Погружение в Python (advanced)\HW_7\.git\objects\3f
C:\Users\пк\Desktop\Погружение в Python (advanced)\HW_7\.git\objects\55\ad32d402444576a829ae1af4227e8e3e014189,file,1122,C:\Users\пк\Desktop\Погружение в Python (advanced)\HW_7\.git\objects\55
C:\Users\пк\Desktop\Погружение в Python (advanced)\HW_7\.git\objects\55\directory_info.csv,file,157,C:\Users\пк\Desktop\Погружение в Python (advanced)\HW_7\.git\objects\55
C:\Users\пк\Desktop\Погружение в Python (advanced)\HW_7\.git\objects\55\directory_info.json,file,332,C:\Users\пк\Desktop\Погружение в Python (advanced)\HW_7\.git\objects\55
C:\Users\пк\Desktop\Погружение в Python (advanced)\HW_7\.git\objects\55\directory_info.pickle,file,243,C:\Users\пк\Desktop\Погружение в Python (advanced)\HW_7\.git\objects\55
C:\Users\пк\Desktop\Погружение в Python (advanced)\HW_7\.git\objects\59\34090983cd18a27260778a6aca6e653161428a,file,174,C:\Users\пк\Desktop\Погружение в Python (advanced)\HW_7\.git\objects\59
C:\Users\пк\Desktop\Погружение в Python (advanced)\HW_7\.git\objects\59\73d5cebfbc87f236196346eb2f199958805eed,file,735,C:\Users\пк\Desktop\Погружение в Python (advanced)\HW_7\.git\objects\59
C:\Users\пк\Desktop\Погружение в Python (advanced)\HW_7\.git\objects\59\directory_info.csv,file,205,C:\Users\пк\Desktop\Погружение в Python (advanced)\HW_7\.git\objects\59
C:\Users\пк\Desktop\Погружение в Python (advanced)\HW_7\.git\objects\59\directory_info.json,file,412,C:\Users\пк\Desktop\Погружение в Python (advanced)\HW_7\.git\objects\59
C:\Users\пк\Desktop\Погружение в Python (advanced)\HW_7\.git\objects\59\directory_info.pickle,file,299,C:\Users\пк\Desktop\Погружение в Python (advanced)\HW_7\.git\objects\59
C:\Users\пк\Desktop\Погружение в Python (advanced)\HW_7\.git\objects\6b\4907a36655454592c503ad6a470ac76059837e,file,112,C:\Users\пк\Desktop\Погружение в Python (advanced)\HW_7\.git\objects\6b
C:\Users\пк\Desktop\Погружение в Python (advanced)\HW_7\.git\objects\6b\directory_info.csv,file,156,C:\Users\пк\Desktop\Погружение в Python (advanced)\HW_7\.git\objects\6b
C:\Users\пк\Desktop\Погружение в Python (advanced)\HW_7\.git\objects\6b\directory_info.json,file,330,C:\Users\пк\Desktop\Погружение в Python (advanced)\HW_7\.git\objects\6b
C:\Users\пк\Desktop\Погружение в Python (advanced)\HW_7\.git\objects\6b\directory_info.pickle,file,242,C:\Users\пк\Desktop\Погружение в Python (advanced)\HW_7\.git\objects\6b
C:\Users\пк\Desktop\Погружение в Python (advanced)\HW_7\.git\objects\82\bc303b9b7e549d8ab37d5eccce83ef2afcd317,file,136,C:\Users\пк\Desktop\Погружение в Python (advanced)\HW_7\.git\objects\82
C:\Users\пк\Desktop\Погружение в Python (advanced)\HW_7\.git\objects\82\directory_info.csv,file,156,C:\Users\пк\Desktop\Погружение в Python (advanced)\HW_7\.git\objects\82
C:\Users\пк\Desktop\Погружение в Python (advanced)\HW_7\.git\objects\82\directory_info.json,file,330,C:\Users\пк\Desktop\Погружение в Python (advanced)\HW_7\.git\objects\82
C:\Users\пк\Desktop\Погружение в Python (advanced)\HW_7\.git\objects\82\directory_info.pickle,file,242,C:\Users\пк\Desktop\Погружение в Python (advanced)\HW_7\.git\objects\82
C:\Users\пк\Desktop\Погружение в Python (advanced)\HW_7\.git\objects\9e\b0ac23deb6e769466fe569d486288ceb1a9a3e,file,95,C:\Users\пк\Desktop\Погружение в Python (advanced)\HW_7\.git\objects\9e
C:\Users\пк\Desktop\Погружение в Python (advanced)\HW_7\.git\objects\9e\directory_info.csv,file,155,C:\Users\пк\Desktop\Погружение в Python (advanced)\HW_7\.git\objects\9e
C:\Users\пк\Desktop\Погружение в Python (advanced)\HW_7\.git\objects\9e\directory_info.json,file,329,C:\Users\пк\Desktop\Погружение в Python (advanced)\HW_7\.git\objects\9e
C:\Users\пк\Desktop\Погружение в Python (advanced)\HW_7\.git\objects\9e\directory_info.pickle,file,242,C:\Users\пк\Desktop\Погружение в Python (advanced)\HW_7\.git\objects\9e
C:\Users\пк\Desktop\Погружение в Python (advanced)\HW_7\.git\objects\b1\4a539af3849986004e8f6171e41072cdcef8c0,file,80,C:\Users\пк\Desktop\Погружение в Python (advanced)\HW_7\.git\objects\b1
C:\Users\пк\Desktop\Погружение в Python (advanced)\HW_7\.git\objects\b1\directory_info.csv,file,155,C:\Users\пк\Desktop\Погружение в Python (advanced)\HW_7\.git\objects\b1
C:\Users\пк\Desktop\Погружение в Python (advanced)\HW_7\.git\objects\b1\directory_info.json,file,329,C:\Users\пк\Desktop\Погружение в Python (advanced)\HW_7\.git\objects\b1
C:\Users\пк\Desktop\Погружение в Python (advanced)\HW_7\.git\objects\b1\directory_info.pickle,file,242,C:\Users\пк\Desktop\Погружение в Python (advanced)\HW_7\.git\objects\b1
C:\Users\пк\Desktop\Погружение в Python (advanced)\HW_7\.git\objects\e6\9de29bb2d1d6434b8b29ae775ad8c2e48c5391,file,15,C:\Users\пк\Desktop\Погружение в Python (advanced)\HW_7\.git\objects\e6
C:\Users\пк\Desktop\Погружение в Python (advanced)\HW_7\.git\objects\e6\directory_info.csv,file,155,C:\Users\пк\Desktop\Погружение в Python (advanced)\HW_7\.git\objects\e6
C:\Users\пк\Desktop\Погружение в Python (advanced)\HW_7\.git\objects\e6\directory_info.json,file,329,C:\Users\пк\Desktop\Погружение в Python (advanced)\HW_7\.git\objects\e6
C:\Users\пк\Desktop\Погружение в Python (advanced)\HW_7\.git\objects\e6\directory_info.pickle,file,242,C:\Users\пк\Desktop\Погружение в Python (advanced)\HW_7\.git\objects\e6
C:\Users\пк\Desktop\Погружение в Python (advanced)\HW_7\.git\objects\f0\8985572d49f6c71367a53c6ecbe00f6778b73f,file,121,C:\Users\пк\Desktop\Погружение в Python (advanced)\HW_7\.git\objects\f0
C:\Users\пк\Desktop\Погружение в Python (advanced)\HW_7\.git\objects\f0\directory_info.csv,file,156,C:\Users\пк\Desktop\Погружение в Python (advanced)\HW_7\.git\objects\f0
C:\Users\пк\Desktop\Погружение в Python (advanced)\HW_7\.git\objects\f0\directory_info.json,file,330,C:\Users\пк\Desktop\Погружение в Python (advanced)\HW_7\.git\objects\f0
C:\Users\пк\Desktop\Погружение в Python (advanced)\HW_7\.git\objects\f0\directory_info.pickle,file,242,C:\Users\пк\Desktop\Погружение в Python (advanced)\HW_7\.git\objects\f0
C:\Users\пк\Desktop\Погружение в Python (advanced)\HW_7\.git\objects\f3\baf51d26cf07ee8583ca6530a03341848df403,file,149,C:\Users\пк\Desktop\Погружение в Python (advanced)\HW_7\.git\objects\f3
C:\Users\пк\Desktop\Погружение в Python (advanced)\HW_7\.git\objects\f3\directory_info.csv,file,156,C:\Users\пк\Desktop\Погружение в Python (advanced)\HW_7\.git\objects\f3
C:\Users\пк\Desktop\Погружение в Python (advanced)\HW_7\.git\objects\f3\directory_info.json,file,330,C:\Users\пк\Desktop\Погружение в Python (advanced)\HW_7\.git\objects\f3
C:\Users\пк\Desktop\Погружение в Python (advanced)\HW_7\.git\objects\f3\directory_info.pickle,file,242,C:\Users\пк\Desktop\Погружение в Python (advanced)\HW_7\.git\objects\f3
C:\Users\пк\Desktop\Погружение в Python (advanced)\HW_7\.git\objects\f5\55f1e0ab3b07cdb768182a168d151329f901de,file,230,C:\Users\пк\Desktop\Погружение в Python (advanced)\HW_7\.git\objects\f5
C:\Users\пк\Desktop\Погружение в Python (advanced)\HW_7\.git\objects\f5\directory_info.csv,file,156,C:\Users\пк\Desktop\Погружение в Python (advanced)\HW_7\.git\objects\f5
C:\Users\пк\Desktop\Погружение в Python (advanced)\HW_7\.git\objects\f5\directory_info.json,file,330,C:\Users\пк\Desktop\Погружение в Python (advanced)\HW_7\.git\objects\f5
C:\Users\пк\Desktop\Погружение в Python (advanced)\HW_7\.git\objects\f5\directory_info.pickle,file,242,C:\Users\пк\Desktop\Погружение в Python (advanced)\HW_7\.git\objects\f5
C:\Users\пк\Desktop\Погружение в Python (advanced)\HW_7\.git\objects\fd\73c9004b9d3f29d1ea8f965a92a9832ca973ed,file,183,C:\Users\пк\Desktop\Погружение в Python (advanced)\HW_7\.git\objects\fd
C:\Users\пк\Desktop\Погружение в Python (advanced)\HW_7\.git\objects\fd\directory_info.csv,file,156,C:\Users\пк\Desktop\Погружение в Python (advanced)\HW_7\.git\objects\fd
C:\Users\пк\Desktop\Погружение в Python (advanced)\HW_7\.git\objects\fd\directory_info.json,file,330,C:\Users\пк\Desktop\Погружение в Python (advanced)\HW_7\.git\objects\fd
C:\Users\пк\Desktop\Погружение в Python (advanced)\HW_7\.git\objects\fd\directory_info.pickle,file,242,C:\Users\пк\Desktop\Погружение в Python (advanced)\HW_7\.git\objects\fd
C:\Users\пк\Desktop\Погружение в Python (advanced)\HW_7\.git\objects\info\directory_info.csv,file,107,C:\Users\пк\Desktop\Погружение в Python (advanced)\HW_7\.git\objects\info
C:\Users\пк\Desktop\Погружение в Python (advanced)\HW_7\.git\objects\info\directory_info.json,file,251,C:\Users\пк\Desktop\Погружение в Python (advanced)\HW_7\.git\objects\info
C:\Users\пк\Desktop\Погружение в Python (advanced)\HW_7\.git\objects\info\directory_info.pickle,file,188,C:\Users\пк\Desktop\Погружение в Python (advanced)\HW_7\.git\objects\info
C:\Users\пк\Desktop\Погружение в Python (advanced)\HW_7\.git\objects\pack\directory_info.csv,file,107,C:\Users\пк\Desktop\Погружение в Python (advanced)\HW_7\.git\objects\pack
C:\Users\пк\Desktop\Погружение в Python (advanced)\HW_7\.git\objects\pack\directory_info.json,file,251,C:\Users\пк\Desktop\Погружение в Python (advanced)\HW_7\.git\objects\pack
C:\Users\пк\Desktop\Погружение в Python (advanced)\HW_7\.git\objects\pack\directory_info.pickle,file,188,C:\Users\пк\Desktop\Погружение в Python (advanced)\HW_7\.git\objects\pack
C:\Users\пк\Desktop\Погружение в Python (advanced)\HW_7\.git\refs\directory_info.csv,file,503,C:\Users\пк\Desktop\Погружение в Python (advanced)\HW_7\.git\refs
C:\Users\пк\Desktop\Погружение в Python (advanced)\HW_7\.git\refs\directory_info.json,file,1229,C:\Users\пк\Desktop\Погружение в Python (advanced)\HW_7\.git\refs
C:\Users\пк\Desktop\Погружение в Python (advanced)\HW_7\.git\refs\directory_info.pickle,file,731,C:\Users\пк\Desktop\Погружение в Python (advanced)\HW_7\.git\refs
C:\Users\пк\Desktop\Погружение в Python (advanced)\HW_7\.git\refs\heads,directory,677,C:\Users\пк\Desktop\Погружение в Python (advanced)\HW_7\.git\refs
C:\Users\пк\Desktop\Погружение в Python (advanced)\HW_7\.git\refs\tags,directory,546,C:\Users\пк\Desktop\Погружение в Python (advanced)\HW_7\.git\refs
C:\Users\пк\Desktop\Погружение в Python (advanced)\HW_7\.git\refs\heads\directory_info.csv,file,123,C:\Users\пк\Desktop\Погружение в Python (advanced)\HW_7\.git\refs\heads
C:\Users\пк\Desktop\Погружение в Python (advanced)\HW_7\.git\refs\heads\directory_info.json,file,300,C:\Users\пк\Desktop\Погружение в Python (advanced)\HW_7\.git\refs\heads
C:\Users\пк\Desktop\Погружение в Python (advanced)\HW_7\.git\refs\heads\directory_info.pickle,file,213,C:\Users\пк\Desktop\Погружение в Python (advanced)\HW_7\.git\refs\heads
C:\Users\пк\Desktop\Погружение в Python (advanced)\HW_7\.git\refs\heads\master,file,41,C:\Users\пк\Desktop\Погружение в Python (advanced)\HW_7\.git\refs\heads
C:\Users\пк\Desktop\Погружение в Python (advanced)\HW_7\.git\refs\tags\directory_info.csv,file,107,C:\Users\пк\Desktop\Погружение в Python (advanced)\HW_7\.git\refs\tags
C:\Users\пк\Desktop\Погружение в Python (advanced)\HW_7\.git\refs\tags\directory_info.json,file,251,C:\Users\пк\Desktop\Погружение в Python (advanced)\HW_7\.git\refs\tags
C:\Users\пк\Desktop\Погружение в Python (advanced)\HW_7\.git\refs\tags\directory_info.pickle,file,188,C:\Users\пк\Desktop\Погружение в Python (advanced)\HW_7\.git\refs\tags
C:\Users\пк\Desktop\Погружение в Python (advanced)\HW_7\files\1.bmp,file,0,C:\Users\пк\Desktop\Погружение в Python (advanced)\HW_7\files
C:\Users\пк\Desktop\Погружение в Python (advanced)\HW_7\files\2.mpg,file,0,C:\Users\пк\Desktop\Погружение в Python (advanced)\HW_7\files
C:\Users\пк\Desktop\Погружение в Python (advanced)\HW_7\files\directory_info.csv,file,749,C:\Users\пк\Desktop\Погружение в Python (advanced)\HW_7\files
C:\Users\пк\Desktop\Погружение в Python (advanced)\HW_7\files\directory_info.json,file,1911,C:\Users\пк\Desktop\Погружение в Python (advanced)\HW_7\files
C:\Users\пк\Desktop\Погружение в Python (advanced)\HW_7\files\directory_info.pickle,file,1092,C:\Users\пк\Desktop\Погружение в Python (advanced)\HW_7\files
C:\Users\пк\Desktop\Погружение в Python (advanced)\HW_7\files\new_file_test3333_000doc,file,0,C:\Users\пк\Desktop\Погружение в Python (advanced)\HW_7\files
C:\Users\пк\Desktop\Погружение в Python (advanced)\HW_7\files\new_file_testTYGY_001doc,file,0,C:\Users\пк\Desktop\Погружение в Python (advanced)\HW_7\files
C:\Users\пк\Desktop\Погружение в Python (advanced)\HW_7\files\Видео,directory,579,C:\Users\пк\Desktop\Погружение в Python (advanced)\HW_7\files
C:\Users\пк\Desktop\Погружение в Python (advanced)\HW_7\files\Изображения,directory,627,C:\Users\пк\Desktop\Погружение в Python (advanced)\HW_7\files
C:\Users\пк\Desktop\Погружение в Python (advanced)\HW_7\files\Текст,directory,579,C:\Users\пк\Desktop\Погружение в Python (advanced)\HW_7\files
C:\Users\пк\Desktop\Погружение в Python (advanced)\HW_7\files\Видео\directory_info.csv,file,107,C:\Users\пк\Desktop\Погружение в Python (advanced)\HW_7\files\Видео
C:\Users\пк\Desktop\Погружение в Python (advanced)\HW_7\files\Видео\directory_info.json,file,277,C:\Users\пк\Desktop\Погружение в Python (advanced)\HW_7\files\Видео
C:\Users\пк\Desktop\Погружение в Python (advanced)\HW_7\files\Видео\directory_info.pickle,file,195,C:\Users\пк\Desktop\Погружение в Python (advanced)\HW_7\files\Видео
C:\Users\пк\Desktop\Погружение в Python (advanced)\HW_7\files\Изображения\directory_info.csv,file,107,C:\Users\пк\Desktop\Погружение в Python (advanced)\HW_7\files\Изображения
C:\Users\пк\Desktop\Погружение в Python (advanced)\HW_7\files\Изображения\directory_info.json,file,313,C:\Users\пк\Desktop\Погружение в Python (advanced)\HW_7\files\Изображения
C:\Users\пк\Desktop\Погружение в Python (advanced)\HW_7\files\Изображения\directory_info.pickle,file,207,C:\Users\пк\Desktop\Погружение в Python (advanced)\HW_7\files\Изображения
C:\Users\пк\Desktop\Погружение в Python (advanced)\HW_7\files\Текст\directory_info.csv,file,107,C:\Users\пк\Desktop\Погружение в Python (advanced)\HW_7\files\Текст
C:\Users\пк\Desktop\Погружение в Python (advanced)\HW_7\files\Текст\directory_info.json,file,277,C:\Users\пк\Desktop\Погружение в Python (advanced)\HW_7\files\Текст
C:\Users\пк\Desktop\Погружение в Python (advanced)\HW_7\files\Текст\directory_info.pickle,file,195,C:\Users\пк\Desktop\Погружение в Python (advanced)\HW_7\files\Текст
C:\Users\пк\Desktop\Погружение в Python (advanced)\HW_7\tasks\abra.mp4,file,0,C:\Users\пк\Desktop\Погружение в Python (advanced)\HW_7\tasks
C:\Users\пк\Desktop\Погружение в Python (advanced)\HW_7\tasks\directory_info.csv,file,405,C:\Users\пк\Desktop\Погружение в Python (advanced)\HW_7\tasks
C:\Users\пк\Desktop\Погружение в Python (advanced)\HW_7\tasks\directory_info.json,file,946,C:\Users\пк\Desktop\Погружение в Python (advanced)\HW_7\tasks
C:\Users\пк\Desktop\Погружение в Python (advanced)\HW_7\tasks\directory_info.pickle,file,588,C:\Users\пк\Desktop\Погружение в Python (advanced)\HW_7\tasks
C:\Users\пк\Desktop\Погружение в Python (advanced)\HW_7\tasks\group_rename.py,file,950,C:\Users\пк\Desktop\Погружение в Python (advanced)\HW_7\tasks
C:\Users\пк\Desktop\Погружение в Python (advanced)\HW_7\tasks\task_7.py,file,1830,C:\Users\пк\Desktop\Погружение в Python (advanced)\HW_7\tasks
C:\Users\пк\Desktop\Погружение в Python (advanced)\HW_7\tasks\__init__.py,file,0,C:\Users\пк\Desktop\Погружение в Python (advanced)\HW_7\tasks
C:\Users\пк\Desktop\Погружение в Python (advanced)\HW_7\tasks\__pycache__,directory,4703,C:\Users\пк\Desktop\Погружение в Python (advanced)\HW_7\tasks
C:\Users\пк\Desktop\Погружение в Python (advanced)\HW_7\tasks\__pycache__\directory_info.csv,file,214,C:\Users\пк\Desktop\Погружение в Python (advanced)\HW_7\tasks\__pycache__
C:\Users\пк\Desktop\Погружение в Python (advanced)\HW_7\tasks\__pycache__\directory_info.json,file,462,C:\Users\пк\Desktop\Погружение в Python (advanced)\HW_7\tasks\__pycache__
C:\Users\пк\Desktop\Погружение в Python (advanced)\HW_7\tasks\__pycache__\directory_info.pickle,file,321,C:\Users\пк\Desktop\Погружение в Python (advanced)\HW_7\tasks\__pycache__
C:\Users\пк\Desktop\Погружение в Python (advanced)\HW_7\tasks\__pycache__\group_rename.cpython-311.pyc,file,1758,C:\Users\пк\Desktop\Погружение в Python (advanced)\HW_7\tasks\__pycache__
C:\Users\пк\Desktop\Погружение в Python (advanced)\HW_7\tasks\__pycache__\task.cpython-311.pyc,file,1750,C:\Users\пк\Desktop\Погружение в Python (advanced)\HW_7\tasks\__pycache__
C:\Users\пк\Desktop\Погружение в Python (advanced)\HW_7\tasks\__pycache__\__init__.cpython-311.pyc,file,198,C:\Users\пк\Desktop\Погружение в Python (advanced)\HW_7\tasks\__pycache__
